group,variant_id,hgvs_c,hgvs_p,protein_position_start,protein_position_end,variant_type,source,source_group_evidence,detailed_feature,primary_feature_type,broad_category,assignment_status,overlapping_features,normalization_notes,experimental_structure,predicted_structure,structure_evidence_notes
ASD,p.Ala368Gly,,p.Ala368Gly,368,368,missense,Chirasani_2025_PMC12681835,literature,ANK 11,Repeat,ANK_repeats,assigned,ANK 11 (Repeat),Maternally inherited; disrupts NrCAM binding; ANK repeat 10; paper labels 'ANK repeat 10' but UniProt boundary maps 368 -> ANK 11 (364-393); UniProt used,yes,no,Residue falls within a canonical-mapped experimental PDB interval (structure_coverage.csv). Isoform-only AlphaFold models exist (Q01484-2/-5/-7-F1) but do NOT map to canonical Q01484 residues (verified sequence divergence 2026-09-16); they are NOT canonical Q01484 structural coverage. Absence of a model does not imply absence of structure.
ASD,p.Arg977Gln,,p.Arg977Gln,977,977,missense,Chirasani_2025_PMC12681835,literature,ZU5 1,Domain,ZU5,assigned_overlap_primary_selected,ZU5 1 (Domain); Interaction with SPTBN1 (Region),De novo; disrupts β2-spectrin binding; ZU5A subdomain; reduced stability,yes,no,Residue falls within a canonical-mapped experimental PDB interval (structure_coverage.csv). Isoform-only AlphaFold models exist (Q01484-2/-5/-7-F1) but do NOT map to canonical Q01484 residues (verified sequence divergence 2026-09-16); they are NOT canonical Q01484 structural coverage. Absence of a model does not imply absence of structure.
ASD,p.Ala373Val,,p.Ala373Val,373,373,missense,Chirasani_2025_PMC12681835,literature,ANK 11,Repeat,ANK_repeats,assigned,ANK 11 (Repeat),Maternally inherited; ANK repeat 11; assayed but not disruptive,yes,no,Residue falls within a canonical-mapped experimental PDB interval (structure_coverage.csv). Isoform-only AlphaFold models exist (Q01484-2/-5/-7-F1) but do NOT map to canonical Q01484 residues (verified sequence divergence 2026-09-16); they are NOT canonical Q01484 structural coverage. Absence of a model does not imply absence of structure.
ASD,p.Ala525Val,,p.Ala525Val,525,525,missense,Chirasani_2025_PMC12681835,literature,ANK 15,Repeat,ANK_repeats,assigned,ANK 15 (Repeat),Maternally inherited; ANK repeat 15; assayed but not disruptive,yes,no,Residue falls within a canonical-mapped experimental PDB interval (structure_coverage.csv). Isoform-only AlphaFold models exist (Q01484-2/-5/-7-F1) but do NOT map to canonical Q01484 residues (verified sequence divergence 2026-09-16); they are NOT canonical Q01484 structural coverage. Absence of a model does not imply absence of structure.
ASD,p.Glu819Lys,,p.Glu819Lys,819,819,missense,Chirasani_2025_PMC12681835,literature,ANK 24,Repeat,ANK_repeats,assigned,ANK 24 (Repeat),Maternally inherited; ANK repeat 24; assayed but not disruptive,yes,no,Residue falls within a canonical-mapped experimental PDB interval (structure_coverage.csv). Isoform-only AlphaFold models exist (Q01484-2/-5/-7-F1) but do NOT map to canonical Q01484 residues (verified sequence divergence 2026-09-16); they are NOT canonical Q01484 structural coverage. Absence of a model does not imply absence of structure.
ASD,p.Ile807Met,,p.Ile807Met,807,807,missense,Chirasani_2025_PMC12681835,literature,ANK 24,Repeat,ANK_repeats,assigned,ANK 24 (Repeat),De novo; ANK repeat 24; assayed but not disruptive,yes,no,Residue falls within a canonical-mapped experimental PDB interval (structure_coverage.csv). Isoform-only AlphaFold models exist (Q01484-2/-5/-7-F1) but do NOT map to canonical Q01484 residues (verified sequence divergence 2026-09-16); they are NOT canonical Q01484 structural coverage. Absence of a model does not imply absence of structure.
ASD,p.Pro1380Arg,,p.Pro1380Arg,1380,1380,missense,Chirasani_2025_PMC12681835,literature,UPA domain,Region,UPA,assigned,UPA domain (Region),Reduced protein stability (~60% WT); not explicitly ASD-linked in abstract,yes,no,Residue falls within a canonical-mapped experimental PDB interval (structure_coverage.csv). Isoform-only AlphaFold models exist (Q01484-2/-5/-7-F1) but do NOT map to canonical Q01484 residues (verified sequence divergence 2026-09-16); they are NOT canonical Q01484 structural coverage. Absence of a model does not imply absence of structure.
ASD,NP_001139.3:p.Arg1003*,NM_001148.6:c.3007C>T,NP_001139.3:p.Arg1003*,1003,1003,nonsense,Zhao_2025_PMC11877552,literature,ZU5 1,Domain,ZU5,assigned_overlap_primary_selected,ZU5 1 (Domain); Interaction with SPTBN1 (Region),Novel nonsense; exon 27; ASD + epilepsy patient,yes,no,Residue falls within a canonical-mapped experimental PDB interval (structure_coverage.csv). Isoform-only AlphaFold models exist (Q01484-2/-5/-7-F1) but do NOT map to canonical Q01484 residues (verified sequence divergence 2026-09-16); they are NOT canonical Q01484 structural coverage. Absence of a model does not imply absence of structure.
ASD,p.(Asn63_Lys95del),NM_001148.6:c.285+1G>T,p.(Asn63_Lys95del),63,95,splice_site,Guissart_2023_ClinGenet,literature,ANK 2,Repeat,ANK_repeats,assigned,ANK 2 (Repeat),De novo splice donor; predicted exon 3 skipping; in-frame del of 33aa in ANK repeats,yes,no,Residue falls within a canonical-mapped experimental PDB interval (structure_coverage.csv). Isoform-only AlphaFold models exist (Q01484-2/-5/-7-F1) but do NOT map to canonical Q01484 residues (verified sequence divergence 2026-09-16); they are NOT canonical Q01484 structural coverage. Absence of a model does not imply absence of structure.
ASD,NP_001139.3:p.Arg1138*,NM_001148.6:c.3412C>T,NP_001139.3:p.Arg1138*,1138,1138,nonsense,Morais_2023_EgyptJMedHumGenet,literature,ZU5 1,Domain,ZU5,assigned,ZU5 1 (Domain),De novo nonsense; 7yo female with ASD + epilepsy,yes,no,Residue falls within a canonical-mapped experimental PDB interval (structure_coverage.csv). Isoform-only AlphaFold models exist (Q01484-2/-5/-7-F1) but do NOT map to canonical Q01484 residues (verified sequence divergence 2026-09-16); they are NOT canonical Q01484 structural coverage. Absence of a model does not imply absence of structure.
ASD,p.Arg987Trp,,p.Arg987Trp,987,987,missense,Garotti_2025_EurJMedGenet,literature,ZU5 1,Domain,ZU5,assigned_overlap_primary_selected,ZU5 1 (Domain); Interaction with SPTBN1 (Region),Familial missense; inherited from father; high-functioning ASD,yes,no,Residue falls within a canonical-mapped experimental PDB interval (structure_coverage.csv). Isoform-only AlphaFold models exist (Q01484-2/-5/-7-F1) but do NOT map to canonical Q01484 residues (verified sequence divergence 2026-09-16); they are NOT canonical Q01484 structural coverage. Absence of a model does not imply absence of structure.
Cardiac,VCV004732021,NM_001148.6(ANK2):c.4212dup (p.Ala1405fs),(p.Ala1405fs),1405,1405,frameshift,ClinVar,ClinVar P/LP,UPA domain,Region,UPA,assigned,UPA domain (Region),,yes,no,Residue falls within a canonical-mapped experimental PDB interval (structure_coverage.csv). Isoform-only AlphaFold models exist (Q01484-2/-5/-7-F1) but do NOT map to canonical Q01484 residues (verified sequence divergence 2026-09-16); they are NOT canonical Q01484 structural coverage. Absence of a model does not imply absence of structure.
Cardiac,VCV004725226,NM_001148.6(ANK2):c.10573G>T (p.Glu3525Ter),(p.Glu3525Ter),3525,3525,nonsense,ClinVar,ClinVar P/LP,unassigned,,Unassigned,unassigned_no_overlapping_feature,,,no,no,No experimental structure mapped to this canonical residue. Isoform-only AlphaFold models exist (Q01484-2/-5/-7-F1) but do NOT map to canonical Q01484 residues (verified sequence divergence 2026-09-16); they are NOT canonical Q01484 structural coverage. Absence of a model does not imply absence of structure.
Cardiac,VCV004721538,NM_001148.6(ANK2):c.9226C>T (p.Gln3076Ter),(p.Gln3076Ter),3076,3076,nonsense,ClinVar,ClinVar P/LP,Disordered,Region,Disordered,assigned,Disordered (Region),,no,no,No experimental structure mapped to this canonical residue. Isoform-only AlphaFold models exist (Q01484-2/-5/-7-F1) but do NOT map to canonical Q01484 residues (verified sequence divergence 2026-09-16); they are NOT canonical Q01484 structural coverage. Absence of a model does not imply absence of structure.
Cardiac,VCV004708265,NM_001148.6(ANK2):c.3271del (p.Glu1091fs),(p.Glu1091fs),1091,1091,frameshift,ClinVar,ClinVar P/LP,ZU5 1,Domain,ZU5,assigned_overlap_primary_selected,ZU5 1 (Domain); Interaction with SPTBN1 (Region),,yes,no,Residue falls within a canonical-mapped experimental PDB interval (structure_coverage.csv). Isoform-only AlphaFold models exist (Q01484-2/-5/-7-F1) but do NOT map to canonical Q01484 residues (verified sequence divergence 2026-09-16); they are NOT canonical Q01484 structural coverage. Absence of a model does not imply absence of structure.
Cardiac,VCV004278327,NM_001148.6(ANK2):c.11137T>G (p.Ser3713Ala),(p.Ser3713Ala),3713,3713,missense,ClinVar,ClinVar P/LP,unassigned,,Unassigned,unassigned_no_overlapping_feature,,,yes,no,Residue falls within a canonical-mapped experimental PDB interval (structure_coverage.csv). Isoform-only AlphaFold models exist (Q01484-2/-5/-7-F1) but do NOT map to canonical Q01484 residues (verified sequence divergence 2026-09-16); they are NOT canonical Q01484 structural coverage. Absence of a model does not imply absence of structure.
Cardiac,VCV004097146,NM_001148.6(ANK2):c.9337C>T (p.Arg3113Ter),(p.Arg3113Ter),3113,3113,nonsense,ClinVar,ClinVar P/LP,unassigned,,Unassigned,unassigned_no_overlapping_feature,,,no,no,No experimental structure mapped to this canonical residue. Isoform-only AlphaFold models exist (Q01484-2/-5/-7-F1) but do NOT map to canonical Q01484 residues (verified sequence divergence 2026-09-16); they are NOT canonical Q01484 structural coverage. Absence of a model does not imply absence of structure.
Cardiac,VCV003897593,NM_001148.6(ANK2):c.4892_4893del (p.Lys1631fs),(p.Lys1631fs),1631,1631,frameshift,ClinVar,ClinVar P/LP,unassigned,,Unassigned,unassigned_no_overlapping_feature,,,no,no,No experimental structure mapped to this canonical residue. Isoform-only AlphaFold models exist (Q01484-2/-5/-7-F1) but do NOT map to canonical Q01484 residues (verified sequence divergence 2026-09-16); they are NOT canonical Q01484 structural coverage. Absence of a model does not imply absence of structure.
Cardiac,VCV003729667,NM_001148.6(ANK2):c.9240del (p.Asp3081fs),(p.Asp3081fs),3081,3081,frameshift,ClinVar,ClinVar P/LP,Disordered,Region,Disordered,assigned,Disordered (Region),,no,no,No experimental structure mapped to this canonical residue. Isoform-only AlphaFold models exist (Q01484-2/-5/-7-F1) but do NOT map to canonical Q01484 residues (verified sequence divergence 2026-09-16); they are NOT canonical Q01484 structural coverage. Absence of a model does not imply absence of structure.
Cardiac,VCV003721367,NM_001148.6(ANK2):c.1485+1G>A,,,,splice,ClinVar,ClinVar P/LP,unassigned,,Unassigned,unassigned_no_protein_position,,no protein position curated in processed cardiac file (splice c.1485+1G>A); position not inferred,no,no,No position -> no structural context.
