source,original_notation,HGVS_c,HGVS_p,transcript_used,genomic_position,protein_position,variant_type,ASD_evidence,source_id,notes
Chirasani_2025_PMC12681835,AnkB A368G,,p.Ala368Gly,NM_001148.6 (inferred),,368,missense,Maternally inherited ASD missense mutation; disrupts NrCAM binding; experimentally validated,PMID:41176091 / PMC12681835,Located in NrCAM binding pocket (ANK repeat 11); maternal inheritance; assayed for NrCAM and β2-spectrin binding
Chirasani_2025_PMC12681835,AnkB R977Q,,p.Arg977Gln,NM_001148.6 (inferred),,977,missense,Maternally inherited ASD missense mutation; disrupts β2-spectrin binding; experimentally validated,PMID:41176091 / PMC12681835,Located in ZU5A subdomain; maternally inherited; assayed for β2-spectrin binding; reduced protein stability
Chirasani_2025_PMC12681835,AnkB A373V,,p.Ala373Val,NM_001148.6 (inferred),,373,missense,Maternally inherited ASD missense mutation in ANK repeat 11; assayed for NrCAM binding,PMID:41176091 / PMC12681835,Near A368G in ANK repeat 11; maternally inherited; increased NrCAM binding affinity (~1.7x WT; p=0.02)
Chirasani_2025_PMC12681835,AnkB A525V,,p.Ala525Val,NM_001148.6 (inferred),,525,missense,Maternally inherited ASD missense mutation in ANK repeat 15; assayed for NrCAM binding,PMID:41176091 / PMC12681835,In ANK repeat 15; maternally inherited; assayed but not disruptive
Chirasani_2025_PMC12681835,AnkB E819K,,p.Glu819Lys,NM_001148.6 (inferred),,819,missense,Maternally inherited ASD missense mutation in ANK repeat 24; assayed for NrCAM binding,PMID:41176091 / PMC12681835,In ANK repeat 24; maternally inherited; assayed but not disruptive
Chirasani_2025_PMC12681835,AnkB I807M,,p.Ile807Met,NM_001148.6 (inferred),,807,missense,De novo ASD missense mutation in ANK repeat 24; assayed for NrCAM binding,PMID:41176091 / PMC12681835,In ANK repeat 24; de novo; assayed but not disruptive
Chirasani_2025_PMC12681835,AnkB P1380R,,p.Pro1380Arg,NM_001148.6 (inferred),,1380,missense,Tested for protein stability; reduced expression (~60% WT),PMID:41176091 / PMC12681835,De novo ASD missense in UPA region (per paper); not impaired for β2-spectrin binding; reduced stability (~60% WT)
Zhao_2025_PMC11877552,ANK2 (NM_001148.6):c.3007C>T/p.R1003*,NM_001148.6:c.3007C>T,NP_001139.3:p.Arg1003*,NM_001148.6,"chr4:113,383,736 (GRCh38, inferred exon 27)",1003,nonsense,Novel nonsense variant in patient with ASD and epilepsy; exon 27,PMID:40276719 / PMC11877552,Novel variant in Chinese patient; truncation at 1003/3957; reviewed 15 previous patients
Guissart_2023_ClinGenet,c.285+1G>T (NM_001148.6),NM_001148.6:c.285+1G>T,p.(Asn63_Lys95del),NM_001148.6,,63-95 (predicted in-frame deletion),splice_site,De novo splice donor variant; predicted exon 3 skipping; 11yo male with ASD + ID,PMID:36949557 / DOI:10.1111/cge.14347,Affects both short and long isoforms; in 24 ANK repeat region; Class 4 (likely pathogenic)
Morais_2023_EgyptJMedHumGenet,c.3412C>T/p.Arg1138* (NM_001148.6),NM_001148.6:c.3412C>T,NP_001139.3:p.Arg1138*,NM_001148.6,,1138,nonsense,De novo nonsense variant; 7yo female with ASD and epilepsy,DOI:10.1186/s43042-023-00389-y,Reviewed in Zhao 2025
Garotti_2025_EurJMedGenet,p.Arg987Trp,,p.Arg987Trp,NM_001148.6 (inferred),,987,missense,Heterozygous missense variant; familial (inherited from father); predicted pathogenic,PMID:41176091 / DOI:10.1016/j.ejmg.2025.105001,Familial; father has subthreshold autistic traits; high-functioning ASD in child
SFARI_Gene_ANK2,3 de novo LoF variants (Simons Simplex Collection),,,,,,LoF (nonsense/frameshift/splice),De novo LoF in ASD probands; ANK2 meets FDR 0.01 in ASC,"PMIDs: 22542183, 24267886, 25363768, 25363760 (SFARI Gene summary)",Individual variant details not publicly accessible via SFARI website; gene-level evidence only
SFARI_Gene_ANK2,de novo LoF variants (Iossifov 2015),,,,,,LoF,ANK2 identified as strong candidate ASD risk gene based on de novo mutational evidence,PMID:26401017 (SFARI Gene summary),Gene-level evidence; individual variant details not accessible
