clinvar_variation_id,vcv_accession,original_hgvs,hgvs_protein,protein_position,transcript,variant_type,clinical_condition,clinical_significance,review_status,rcv_accession,last_evaluated,source,access_date,notes
4884559,VCV004884559,NM_001148.6(ANK2):c.7548T>A (p.Ser2516Arg),(p.Ser2516Arg),2516,NM_001148.6,missense,"Cardiac arrhythmia, ankyrin-B-related",Uncertain significance (1),"criteria provided, single submitter",RCV006748862.1,"Apr 29, 2026",ClinVar,2026-09-16,
4880968,VCV004880968,NM_001148.6(ANK2):c.5176G>A (p.Ala1726Thr),(p.Ala1726Thr),1726,NM_001148.6,missense,"Cardiac arrhythmia, ankyrin-B-related",Uncertain significance (1),"criteria provided, single submitter",RCV006744726.2,"Jan 23, 2026",ClinVar,2026-09-16,
4812011,VCV004812011,NM_001148.6(ANK2):c.7489G>C (p.Glu2497Gln),(p.Glu2497Gln),2497,NM_001148.6,missense,Long QT syndrome,Uncertain significance (1),"criteria provided, single submitter",RCV006628553.1,"Oct 17, 2025",ClinVar,2026-09-16,
4811723,VCV004811723,NM_001148.6(ANK2):c.1696C>G (p.Pro566Ala),(p.Pro566Ala),566,NM_001148.6,missense,Long QT syndrome,Uncertain significance (1),"criteria provided, single submitter",RCV006633593.1,"Jun 25, 2025",ClinVar,2026-09-16,
4810371,VCV004810371,NM_001148.6(ANK2):c.2964G>A (p.Gly988=),(p.Gly988=),988,NM_001148.6,missense,Long QT syndrome,Likely benign (1),"criteria provided, single submitter",RCV006628401.1,"Feb 23, 2025",ClinVar,2026-09-16,
4810183,VCV004810183,NM_001148.6(ANK2):c.8287A>C (p.Asn2763His),(p.Asn2763His),2763,NM_001148.6,missense,Long QT syndrome,Uncertain significance (1),"criteria provided, single submitter",RCV006628213.1,"Mar 15, 2025",ClinVar,2026-09-16,
4810012,VCV004810012,NM_001148.6(ANK2):c.9978T>C (p.Ser3326=),(p.Ser3326=),3326,NM_001148.6,missense,Long QT syndrome,Likely benign (1),"criteria provided, single submitter",RCV006633370.1,"Nov 27, 2025",ClinVar,2026-09-16,
4809405,VCV004809405,NM_001148.6(ANK2):c.60T>A (p.Ser20Arg),(p.Ser20Arg),20,NM_001148.6,missense,Long QT syndrome,Uncertain significance (1),"criteria provided, single submitter",RCV006631771.1,"Feb 26, 2025",ClinVar,2026-09-16,
4809393,VCV004809393,NM_001148.6(ANK2):c.7159G>C (p.Ala2387Pro),(p.Ala2387Pro),2387,NM_001148.6,missense,Long QT syndrome,Uncertain significance (1),"criteria provided, single submitter",RCV006631759.1,"Feb 8, 2025",ClinVar,2026-09-16,
4808284,VCV004808284,NM_001148.6(ANK2):c.10756+16C>A,,,NM_001148.6,splice,Long QT syndrome,Likely benign (1),"criteria provided, single submitter",RCV006627802.1,"Feb 28, 2025",ClinVar,2026-09-16,
4807923,VCV004807923,NM_001148.6(ANK2):c.6948C>T (p.Pro2316=),(p.Pro2316=),2316,NM_001148.6,missense,Long QT syndrome,Likely benign (1),"criteria provided, single submitter",RCV006632769.1,"Oct 9, 2025",ClinVar,2026-09-16,
4807650,VCV004807650,NM_001148.6(ANK2):c.11611-8del,,,NM_001148.6,splice,Long QT syndrome,Likely benign (1),"criteria provided, single submitter",RCV006624218.1,"Aug 5, 2025",ClinVar,2026-09-16,
4805395,VCV004805395,NM_001148.6(ANK2):c.9866C>T (p.Thr3289Ile),(p.Thr3289Ile),3289,NM_001148.6,missense,Long QT syndrome,Uncertain significance (1),"criteria provided, single submitter",RCV006623451.1,"Nov 3, 2025",ClinVar,2026-09-16,
4804429,VCV004804429,NM_001148.6(ANK2):c.5002G>A (p.Ala1668Thr),(p.Ala1668Thr),1668,NM_001148.6,missense,Long QT syndrome,Uncertain significance (1),"criteria provided, single submitter",RCV006615583.1,"Jun 12, 2025",ClinVar,2026-09-16,
4803940,VCV004803940,NM_001148.6(ANK2):c.8801A>C (p.Gln2934Pro),(p.Gln2934Pro),2934,NM_001148.6,missense,Long QT syndrome,Uncertain significance (1),"criteria provided, single submitter",RCV006626724.1,"Jan 9, 2026",ClinVar,2026-09-16,
4803761,VCV004803761,NM_001148.6(ANK2):c.4637G>T (p.Gly1546Val),(p.Gly1546Val),1546,NM_001148.6,missense,Long QT syndrome,Uncertain significance (1),"criteria provided, single submitter",RCV006623305.1,"Oct 5, 2025",ClinVar,2026-09-16,
4802966,VCV004802966,NM_001148.6(ANK2):c.1189-11C>T,,,NM_001148.6,splice,Long QT syndrome,Likely benign (1),"criteria provided, single submitter",RCV006619185.1,"Nov 21, 2025",ClinVar,2026-09-16,
4800166,VCV004800166,NM_001148.6(ANK2):c.364A>G (p.Asn122Asp),(p.Asn122Asp),122,NM_001148.6,missense,Long QT syndrome,Uncertain significance (1),"criteria provided, single submitter",RCV006625925.1,"Dec 1, 2025",ClinVar,2026-09-16,
4799495,VCV004799495,NM_001148.6(ANK2):c.6449A>T (p.Tyr2150Phe),(p.Tyr2150Phe),2150,NM_001148.6,missense,Long QT syndrome,Uncertain significance (1),"criteria provided, single submitter",RCV006622009.1,"Mar 31, 2025",ClinVar,2026-09-16,
4798327,VCV004798327,NM_001148.6(ANK2):c.11717G>C (p.Arg3906Pro),(p.Arg3906Pro),3906,NM_001148.6,missense,Long QT syndrome,Uncertain significance (1),"criteria provided, single submitter",RCV006625574.1,"Jul 22, 2025",ClinVar,2026-09-16,
4798002,VCV004798002,NM_001148.6(ANK2):c.1683+10A>T,,,NM_001148.6,splice,Long QT syndrome,Likely benign (1),"criteria provided, single submitter",RCV006625249.1,"Dec 22, 2025",ClinVar,2026-09-16,
4797520,VCV004797520,NM_001148.6(ANK2):c.10274A>G (p.Glu3425Gly),(p.Glu3425Gly),3425,NM_001148.6,missense,Long QT syndrome,Uncertain significance (1),"criteria provided, single submitter",RCV006621522.1,"Jan 9, 2026",ClinVar,2026-09-16,
4781958,VCV004781958,NM_001148.6(ANK2):c.5594G>T (p.Arg1865Ile),(p.Arg1865Ile),1865,NM_001148.6,missense,Long QT syndrome,Uncertain significance (1),"criteria provided, single submitter",RCV006598072.1,"Jul 23, 2025",ClinVar,2026-09-16,
4781809,VCV004781809,NM_001148.6(ANK2):c.2818G>A (p.Ala940Thr),(p.Ala940Thr),940,NM_001148.6,missense,Long QT syndrome,Uncertain significance (1),"criteria provided, single submitter",RCV006597923.1,"Oct 4, 2025",ClinVar,2026-09-16,
4777974,VCV004777974,NM_001148.6(ANK2):c.11001T>G (p.Ile3667Met),(p.Ile3667Met),3667,NM_001148.6,missense,Long QT syndrome,Uncertain significance (1),"criteria provided, single submitter",RCV006589397.1,"Feb 6, 2025",ClinVar,2026-09-16,
4777461,VCV004777461,NM_001148.6(ANK2):c.11461G>A (p.Gly3821Arg),(p.Gly3821Arg),3821,NM_001148.6,missense,Long QT syndrome,Uncertain significance (1),"criteria provided, single submitter",RCV006584420.1,"Jun 23, 2025",ClinVar,2026-09-16,
4776250,VCV004776250,NM_001148.6(ANK2):c.6882C>T (p.Ala2294=),(p.Ala2294=),2294,NM_001148.6,missense,Long QT syndrome,Likely benign (1),"criteria provided, single submitter",RCV006589161.1,"Jan 7, 2026",ClinVar,2026-09-16,
4775408,VCV004775408,NM_001148.6(ANK2):c.6645T>C (p.Cys2215=),(p.Cys2215=),2215,NM_001148.6,missense,Long QT syndrome,Likely benign (1),"criteria provided, single submitter",RCV006579232.1,"Dec 21, 2025",ClinVar,2026-09-16,
4774703,VCV004774703,NM_001148.6(ANK2):c.8596T>A (p.Ser2866Thr),(p.Ser2866Thr),2866,NM_001148.6,missense,Long QT syndrome,Uncertain significance (1),"criteria provided, single submitter",RCV006573567.1,"Dec 16, 2025",ClinVar,2026-09-16,
4774288,VCV004774288,NM_001148.6(ANK2):c.4805A>T (p.Glu1602Val),(p.Glu1602Val),1602,NM_001148.6,missense,Long QT syndrome,Uncertain significance (1),"criteria provided, single submitter",RCV006588687.1,"Nov 26, 2025",ClinVar,2026-09-16,
4774162,VCV004774162,NM_001148.6(ANK2):c.7245C>A (p.Ser2415Arg),(p.Ser2415Arg),2415,NM_001148.6,missense,Long QT syndrome,Uncertain significance (1),"criteria provided, single submitter",RCV006588561.1,"Feb 26, 2025",ClinVar,2026-09-16,
4774040,VCV004774040,NM_001148.6(ANK2):c.7943G>T (p.Gly2648Val),(p.Gly2648Val),2648,NM_001148.6,missense,Long QT syndrome,Uncertain significance (1),"criteria provided, single submitter",RCV006588439.1,"Nov 19, 2025",ClinVar,2026-09-16,
4771467,VCV004771467,NM_001148.6(ANK2):c.11610+4A>T,,,NM_001148.6,splice,Long QT syndrome,Uncertain significance (1),"criteria provided, single submitter",RCV006578266.1,"Aug 9, 2025",ClinVar,2026-09-16,
4771210,VCV004771210,NM_001148.6(ANK2):c.10756+5A>G,,,NM_001148.6,splice,Long QT syndrome,Uncertain significance (1),"criteria provided, single submitter",RCV006578009.1,"Jul 31, 2025",ClinVar,2026-09-16,
4770612,VCV004770612,NM_001148.6(ANK2):c.8059A>G (p.Ile2687Val),(p.Ile2687Val),2687,NM_001148.6,missense,Long QT syndrome,Uncertain significance (1),"criteria provided, single submitter",RCV006572451.1,"Oct 17, 2025",ClinVar,2026-09-16,
4769980,VCV004769980,NM_001148.6(ANK2):c.1881+18G>C,,,NM_001148.6,splice,Long QT syndrome,Likely benign (1),"criteria provided, single submitter",RCV006582890.1,"Oct 7, 2025",ClinVar,2026-09-16,
4769639,VCV004769639,NM_001148.6(ANK2):c.2475A>G (p.Thr825=),(p.Thr825=),825,NM_001148.6,missense,Long QT syndrome,Uncertain significance (1),"criteria provided, single submitter",RCV006582549.1,"Dec 15, 2025",ClinVar,2026-09-16,
4769140,VCV004769140,NM_001148.6(ANK2):c.5758G>C (p.Gly1920Arg),(p.Gly1920Arg),1920,NM_001148.6,missense,Long QT syndrome,Uncertain significance (1),"criteria provided, single submitter",RCV006577427.1,"Jun 27, 2025",ClinVar,2026-09-16,
4767756,VCV004767756,NM_001148.6(ANK2):c.11072A>T (p.His3691Leu),(p.His3691Leu),3691,NM_001148.6,missense,Long QT syndrome,Uncertain significance (1),"criteria provided, single submitter",RCV006582154.1,"May 7, 2025",ClinVar,2026-09-16,
4767447,VCV004767447,NM_001148.6(ANK2):c.8540C>T (p.Ser2847Leu),(p.Ser2847Leu),2847,NM_001148.6,missense,Long QT syndrome,Uncertain significance (1),"criteria provided, single submitter",RCV006577222.1,"Dec 1, 2025",ClinVar,2026-09-16,
4767239,VCV004767239,NM_001148.6(ANK2):c.6528A>G (p.Thr2176=),(p.Thr2176=),2176,NM_001148.6,missense,Long QT syndrome,Likely benign (1),"criteria provided, single submitter",RCV006577014.1,"Nov 28, 2025",ClinVar,2026-09-16,
4766018,VCV004766018,NM_001148.6(ANK2):c.11695-14G>A,,,NM_001148.6,splice,Long QT syndrome,Likely benign (1),"criteria provided, single submitter",RCV006586368.1,"Nov 28, 2025",ClinVar,2026-09-16,
4765067,VCV004765067,NM_001148.6(ANK2):c.3074G>A (p.Gly1025Asp),(p.Gly1025Asp),1025,NM_001148.6,missense,Long QT syndrome,Uncertain significance (1),"criteria provided, single submitter",RCV006576330.1,"Oct 13, 2025",ClinVar,2026-09-16,
4764816,VCV004764816,NM_001148.6(ANK2):c.4427-10C>T,,,NM_001148.6,splice,Long QT syndrome,Likely benign (1),"criteria provided, single submitter",RCV006571119.1,"Mar 6, 2025",ClinVar,2026-09-16,
4764518,VCV004764518,NM_001148.6(ANK2):c.1498C>T (p.Pro500Ser),(p.Pro500Ser),500,NM_001148.6,missense,Long QT syndrome,Uncertain significance (1),"criteria provided, single submitter",RCV006586356.1,"Apr 24, 2025",ClinVar,2026-09-16,
4764157,VCV004764157,NM_001148.6(ANK2):c.8720A>G (p.Asp2907Gly),(p.Asp2907Gly),2907,NM_001148.6,missense,Long QT syndrome,Uncertain significance (1),"criteria provided, single submitter",RCV006585995.1,"Oct 21, 2025",ClinVar,2026-09-16,
4762460,VCV004762460,NM_001148.6(ANK2):c.139G>C (p.Val47Leu),(p.Val47Leu),47,NM_001148.6,missense,Long QT syndrome,Uncertain significance (1),"criteria provided, single submitter",RCV006585786.1,"Aug 29, 2025",ClinVar,2026-09-16,
4762310,VCV004762310,NM_001148.6(ANK2):c.7953G>A (p.Val2651=),(p.Val2651=),2651,NM_001148.6,missense,Long QT syndrome,Likely benign (1),"criteria provided, single submitter",RCV006585636.1,"Jun 26, 2025",ClinVar,2026-09-16,
4761598,VCV004761598,NM_001148.6(ANK2):c.10681+17G>A,,,NM_001148.6,splice,Long QT syndrome,Likely benign (1),"criteria provided, single submitter",RCV006580460.1,"May 27, 2025",ClinVar,2026-09-16,
4760897,VCV004760897,NM_001148.6(ANK2):c.10069G>A (p.Val3357Ile),(p.Val3357Ile),3357,NM_001148.6,missense,Long QT syndrome,Uncertain significance (1),"criteria provided, single submitter",RCV006569680.1,"Oct 28, 2025",ClinVar,2026-09-16,
4755319,VCV004755319,NM_001148.6(ANK2):c.9076G>A (p.Val3026Ile),(p.Val3026Ile),3026,NM_001148.6,missense,Long QT syndrome,Uncertain significance (1),"criteria provided, single submitter",RCV006539486.1,"Sep 27, 2025",ClinVar,2026-09-16,
4754431,VCV004754431,NM_001148.6(ANK2):c.1429G>A (p.Val477Met),(p.Val477Met),477,NM_001148.6,missense,Long QT syndrome,Uncertain significance (1),"criteria provided, single submitter",RCV006545483.1,"Jul 14, 2025",ClinVar,2026-09-16,
4752593,VCV004752593,NM_001148.6(ANK2):c.3592G>T (p.Ala1198Ser),(p.Ala1198Ser),1198,NM_001148.6,missense,Long QT syndrome,Uncertain significance (1),"criteria provided, single submitter",RCV006535273.1,"Feb 3, 2026",ClinVar,2026-09-16,
4752354,VCV004752354,NM_001148.6(ANK2):c.1310T>C (p.Val437Ala),(p.Val437Ala),437,NM_001148.6,missense,Long QT syndrome,Uncertain significance (1),"criteria provided, single submitter",RCV006544895.1,"Oct 23, 2025",ClinVar,2026-09-16,
4752002,VCV004752002,NM_001148.6(ANK2):c.9460G>T (p.Ala3154Ser),(p.Ala3154Ser),3154,NM_001148.6,missense,Long QT syndrome,Uncertain significance (1),"criteria provided, single submitter",RCV006544543.1,"Jul 7, 2025",ClinVar,2026-09-16,
4751864,VCV004751864,NM_001148.6(ANK2):c.9754G>A (p.Val3252Ile),(p.Val3252Ile),3252,NM_001148.6,missense,Long QT syndrome,Uncertain significance (1),"criteria provided, single submitter",RCV006541925.1,"Nov 11, 2025",ClinVar,2026-09-16,
4751812,VCV004751812,NM_001148.6(ANK2):c.10991A>G (p.Tyr3664Cys),(p.Tyr3664Cys),3664,NM_001148.6,missense,Long QT syndrome,Uncertain significance (1),"criteria provided, single submitter",RCV006541873.1,"Jan 11, 2026",ClinVar,2026-09-16,
4751780,VCV004751780,NM_001148.6(ANK2):c.8493A>G (p.Arg2831=),(p.Arg2831=),2831,NM_001148.6,missense,Long QT syndrome,Likely benign (1),"criteria provided, single submitter",RCV006541841.1,"Jun 17, 2025",ClinVar,2026-09-16,
4751138,VCV004751138,NM_001148.6(ANK2):c.5419C>T (p.Pro1807Ser),(p.Pro1807Ser),1807,NM_001148.6,missense,Long QT syndrome,Uncertain significance (1),"criteria provided, single submitter",RCV006538282.1,"Nov 13, 2025",ClinVar,2026-09-16,
4749938,VCV004749938,NM_001148.6(ANK2):c.3813C>T (p.Ala1271=),(p.Ala1271=),1271,NM_001148.6,missense,Long QT syndrome,Likely benign (1),"criteria provided, single submitter",RCV006541489.1,"Nov 24, 2025",ClinVar,2026-09-16,
4749222,VCV004749222,NM_001148.6(ANK2):c.10570A>G (p.Thr3524Ala),(p.Thr3524Ala),3524,NM_001148.6,missense,Long QT syndrome,Uncertain significance (1),"criteria provided, single submitter",RCV006537857.1,"Dec 23, 2025",ClinVar,2026-09-16,
4748989,VCV004748989,NM_001148.6(ANK2):c.4458C>A (p.Val1486=),(p.Val1486=),1486,NM_001148.6,missense,Long QT syndrome,Likely benign (1),"criteria provided, single submitter",RCV006534648.1,"Sep 6, 2025",ClinVar,2026-09-16,
4747598,VCV004747598,NM_001148.6(ANK2):c.4971A>G (p.Thr1657=),(p.Thr1657=),1657,NM_001148.6,missense,Long QT syndrome,Likely benign (1),"criteria provided, single submitter",RCV006540638.1,"Aug 17, 2025",ClinVar,2026-09-16,
4746583,VCV004746583,NM_001148.6(ANK2):c.5923G>A (p.Val1975Ile),(p.Val1975Ile),1975,NM_001148.6,missense,Long QT syndrome,Uncertain significance (1),"criteria provided, single submitter",RCV006533731.1,"Sep 20, 2025",ClinVar,2026-09-16,
4746417,VCV004746417,NM_001148.6(ANK2):c.1783-18T>G,,,NM_001148.6,splice,Long QT syndrome,Likely benign (1),"criteria provided, single submitter",RCV006543425.1,"Mar 25, 2025",ClinVar,2026-09-16,
4746243,VCV004746243,NM_001148.6(ANK2):c.2213A>G (p.Tyr738Cys),(p.Tyr738Cys),738,NM_001148.6,missense,Long QT syndrome,Uncertain significance (1),"criteria provided, single submitter",RCV006543252.1,"Oct 23, 2025",ClinVar,2026-09-16,
4745897,VCV004745897,NM_001148.6(ANK2):c.2865C>G (p.Asp955Glu),(p.Asp955Glu),955,NM_001148.6,missense,Long QT syndrome,Uncertain significance (1),"criteria provided, single submitter",RCV006540426.1,"Aug 25, 2025",ClinVar,2026-09-16,
4745283,VCV004745283,NM_001148.6(ANK2):c.2376+16C>G,,,NM_001148.6,splice,Long QT syndrome,Likely benign (1),"criteria provided, single submitter",RCV006536895.1,"Mar 18, 2025",ClinVar,2026-09-16,
4744722,VCV004744722,NM_001148.6(ANK2):c.6935C>T (p.Thr2312Ile),(p.Thr2312Ile),2312,NM_001148.6,missense,Long QT syndrome,Uncertain significance (1),"criteria provided, single submitter",RCV006533359.1,"Aug 25, 2025",ClinVar,2026-09-16,
4744594,VCV004744594,NM_001148.6(ANK2):c.6305A>G (p.Glu2102Gly),(p.Glu2102Gly),2102,NM_001148.6,missense,Long QT syndrome,Uncertain significance (1),"criteria provided, single submitter",RCV006533231.1,"Feb 22, 2025",ClinVar,2026-09-16,
4744571,VCV004744571,NM_001148.6(ANK2):c.307A>T (p.Ile103Phe),(p.Ile103Phe),103,NM_001148.6,missense,Long QT syndrome,Uncertain significance (1),"criteria provided, single submitter",RCV006533208.1,"May 1, 2025",ClinVar,2026-09-16,
4744567,VCV004744567,NM_001148.6(ANK2):c.6040A>C (p.Lys2014Gln),(p.Lys2014Gln),2014,NM_001148.6,missense,Long QT syndrome,Uncertain significance (1),"criteria provided, single submitter",RCV006533204.1,"Aug 26, 2025",ClinVar,2026-09-16,
4744552,VCV004744552,NM_001148.6(ANK2):c.3727T>C (p.Ser1243Pro),(p.Ser1243Pro),1243,NM_001148.6,missense,Long QT syndrome,Uncertain significance (1),"criteria provided, single submitter",RCV006533189.1,"Jul 27, 2025",ClinVar,2026-09-16,
4743447,VCV004743447,NM_001148.6(ANK2):c.9875T>A (p.Met3292Lys),(p.Met3292Lys),3292,NM_001148.6,missense,Long QT syndrome,Uncertain significance (1),"criteria provided, single submitter",RCV006536549.1,"Feb 18, 2025",ClinVar,2026-09-16,
4743331,VCV004743331,NM_001148.6(ANK2):c.136A>C (p.Lys46Gln),(p.Lys46Gln),46,NM_001148.6,missense,Long QT syndrome,Uncertain significance (1),"criteria provided, single submitter",RCV006536433.1,"Jan 10, 2026",ClinVar,2026-09-16,
4742572,VCV004742572,NM_001148.6(ANK2):c.4248+12A>G,,,NM_001148.6,splice,Long QT syndrome,Likely benign (1),"criteria provided, single submitter",RCV006532861.1,"Jul 27, 2025",ClinVar,2026-09-16,
4742213,VCV004742213,NM_001148.6(ANK2):c.2000A>G (p.His667Arg),(p.His667Arg),667,NM_001148.6,missense,Long QT syndrome,Uncertain significance (1),"criteria provided, single submitter",RCV006528038.1,"Aug 30, 2025",ClinVar,2026-09-16,
4742196,VCV004742196,NM_001148.6(ANK2):c.2197A>T (p.Ile733Phe),(p.Ile733Phe),733,NM_001148.6,missense,Long QT syndrome,Uncertain significance (1),"criteria provided, single submitter",RCV006528021.1,"Mar 21, 2025",ClinVar,2026-09-16,
4742193,VCV004742193,NM_001148.6(ANK2):c.4165T>G (p.Leu1389Val),(p.Leu1389Val),1389,NM_001148.6,missense,Long QT syndrome,Uncertain significance (1),"criteria provided, single submitter",RCV006528018.1,"Aug 4, 2025",ClinVar,2026-09-16,
4741049,VCV004741049,NM_001148.6(ANK2):c.92G>A (p.Ser31Asn),(p.Ser31Asn),31,NM_001148.6,missense,Long QT syndrome,Uncertain significance (1),"criteria provided, single submitter",RCV006522748.1,"May 5, 2025",ClinVar,2026-09-16,
4741048,VCV004741048,NM_001148.6(ANK2):c.1312G>T (p.Ala438Ser),(p.Ala438Ser),438,NM_001148.6,missense,Long QT syndrome,Uncertain significance (1),"criteria provided, single submitter",RCV006522747.1,"Apr 29, 2025",ClinVar,2026-09-16,
4741038,VCV004741038,NM_001148.6(ANK2):c.10833C>G (p.Asp3611Glu),(p.Asp3611Glu),3611,NM_001148.6,missense,Long QT syndrome,Uncertain significance (1),"criteria provided, single submitter",RCV006522737.1,"Jul 13, 2025",ClinVar,2026-09-16,
4741027,VCV004741027,NM_001148.6(ANK2):c.1424G>T (p.Gly475Val),(p.Gly475Val),475,NM_001148.6,missense,Long QT syndrome,Uncertain significance (1),"criteria provided, single submitter",RCV006522726.1,"Oct 14, 2025",ClinVar,2026-09-16,
4740354,VCV004740354,NM_001148.6(ANK2):c.3797-3C>T,,,NM_001148.6,splice,Long QT syndrome,Uncertain significance (1),"criteria provided, single submitter",RCV006527669.1,"May 23, 2025",ClinVar,2026-09-16,
4740087,VCV004740087,NM_001148.6(ANK2):c.11177A>G (p.Asp3726Gly),(p.Asp3726Gly),3726,NM_001148.6,missense,Long QT syndrome,Uncertain significance (1),"criteria provided, single submitter",RCV006527402.1,"Jan 21, 2026",ClinVar,2026-09-16,
4739913,VCV004739913,NM_001148.6(ANK2):c.1783-12C>T,,,NM_001148.6,splice,Long QT syndrome,Likely benign (1),"criteria provided, single submitter",RCV006517644.1,"Jul 1, 2025",ClinVar,2026-09-16,
4738785,VCV004738785,NM_001148.6(ANK2):c.11767A>G (p.Met3923Val),(p.Met3923Val),3923,NM_001148.6,missense,Long QT syndrome,Uncertain significance (1),"criteria provided, single submitter",RCV006532053.1,"Mar 19, 2025",ClinVar,2026-09-16,
4738010,VCV004738010,NM_001148.6(ANK2):c.7916A>G (p.His2639Arg),(p.His2639Arg),2639,NM_001148.6,missense,Long QT syndrome,Uncertain significance (1),"criteria provided, single submitter",RCV006526814.1,"May 26, 2025",ClinVar,2026-09-16,
4737989,VCV004737989,NM_001148.6(ANK2):c.2693+5C>G,,,NM_001148.6,splice,Long QT syndrome,Uncertain significance (1),"criteria provided, single submitter",RCV006526793.1,"Nov 5, 2025",ClinVar,2026-09-16,
4737975,VCV004737975,NM_001148.6(ANK2):c.11779C>A (p.Pro3927Thr),(p.Pro3927Thr),3927,NM_001148.6,missense,Long QT syndrome,Uncertain significance (1),"criteria provided, single submitter",RCV006526779.1,"Dec 17, 2025",ClinVar,2026-09-16,
4736917,VCV004736917,NM_001148.6(ANK2):c.5516C>A (p.Thr1839Asn),(p.Thr1839Asn),1839,NM_001148.6,missense,Long QT syndrome,Uncertain significance (1),"criteria provided, single submitter",RCV006531675.1,"Dec 22, 2025",ClinVar,2026-09-16,
4734507,VCV004734507,NM_001148.6(ANK2):c.8913T>A (p.Val2971=),(p.Val2971=),2971,NM_001148.6,missense,Long QT syndrome,Likely benign (1),"criteria provided, single submitter",RCV006530753.1,"Jan 6, 2026",ClinVar,2026-09-16,
4733588,VCV004733588,NM_001148.6(ANK2):c.793-3T>C,,,NM_001148.6,splice,Long QT syndrome,Uncertain significance (1),"criteria provided, single submitter",RCV006515787.1,"Jan 28, 2026",ClinVar,2026-09-16,
4732815,VCV004732815,NM_001148.6(ANK2):c.8618A>T (p.Lys2873Ile),(p.Lys2873Ile),2873,NM_001148.6,missense,Long QT syndrome,Uncertain significance (1),"criteria provided, single submitter",RCV006530550.1,"Dec 16, 2025",ClinVar,2026-09-16,
4732492,VCV004732492,NM_001148.6(ANK2):c.10657G>A (p.Glu3553Lys),(p.Glu3553Lys),3553,NM_001148.6,missense,Long QT syndrome,Uncertain significance (1),"criteria provided, single submitter",RCV006530228.1,"Dec 3, 2025",ClinVar,2026-09-16,
4732489,VCV004732489,NM_001148.6(ANK2):c.3592-17G>A,,,NM_001148.6,splice,Long QT syndrome,Likely benign (1),"criteria provided, single submitter",RCV006530225.1,"Dec 8, 2025",ClinVar,2026-09-16,
4732021,VCV004732021,NM_001148.6(ANK2):c.4212dup (p.Ala1405fs),(p.Ala1405fs),1405,NM_001148.6,duplication,Long QT syndrome,Pathogenic (1),"criteria provided, single submitter",RCV006525293.1,"Jul 21, 2025",ClinVar,2026-09-16,
4731458,VCV004731458,NM_001148.6(ANK2):c.8755A>G (p.Ile2919Val),(p.Ile2919Val),2919,NM_001148.6,missense,Long QT syndrome,Uncertain significance (1),"criteria provided, single submitter",RCV006520602.1,"Nov 23, 2025",ClinVar,2026-09-16,
4731087,VCV004731087,NM_001148.6(ANK2):c.2548+10C>T,,,NM_001148.6,splice,Long QT syndrome,Likely benign (1),"criteria provided, single submitter",RCV006520231.1,"Nov 12, 2025",ClinVar,2026-09-16,
4730775,VCV004730775,NM_001148.6(ANK2):c.6260T>C (p.Val2087Ala),(p.Val2087Ala),2087,NM_001148.6,missense,Long QT syndrome,Uncertain significance (1),"criteria provided, single submitter",RCV006529999.1,"Nov 9, 2025",ClinVar,2026-09-16,
4730305,VCV004730305,NM_001148.6(ANK2):c.9708C>G (p.Leu3236=),(p.Leu3236=),3236,NM_001148.6,missense,Long QT syndrome,Likely benign (1),"criteria provided, single submitter",RCV006525065.1,"Jan 14, 2026",ClinVar,2026-09-16,
4730304,VCV004730304,NM_001148.6(ANK2):c.5431C>G (p.Pro1811Ala),(p.Pro1811Ala),1811,NM_001148.6,missense,Long QT syndrome,Uncertain significance (1),"criteria provided, single submitter",RCV006525064.1,"Jan 14, 2026",ClinVar,2026-09-16,
4729618,VCV004729618,NM_001148.6(ANK2):c.11790C>G (p.Ile3930Met),(p.Ile3930Met),3930,NM_001148.6,missense,Long QT syndrome,Uncertain significance (1),"criteria provided, single submitter",RCV006514794.1,"Oct 26, 2025",ClinVar,2026-09-16,
4729429,VCV004729429,NM_001148.6(ANK2):c.8634A>T (p.Lys2878Asn),(p.Lys2878Asn),2878,NM_001148.6,missense,Long QT syndrome,Uncertain significance (1),"criteria provided, single submitter",RCV006520061.1,"Oct 23, 2025",ClinVar,2026-09-16,
4728637,VCV004728637,NM_001148.6(ANK2):c.9112A>C (p.Thr3038Pro),(p.Thr3038Pro),3038,NM_001148.6,missense,Cardiovascular phenotype,Uncertain significance (1),"criteria provided, single submitter",RCV006664554.1,"Feb 24, 2026",ClinVar,2026-09-16,
4728358,VCV004728358,NM_001148.6(ANK2):c.2742C>T (p.Ser914=),(p.Ser914=),914,NM_001148.6,missense,Long QT syndrome,Likely benign (1),"criteria provided, single submitter",RCV006524608.1,"Oct 17, 2025",ClinVar,2026-09-16,
4728243,VCV004728243,NM_001148.6(ANK2):c.2377-10C>T,,,NM_001148.6,splice,Long QT syndrome,Likely benign (1),"criteria provided, single submitter",RCV006524493.1,"Oct 1, 2025",ClinVar,2026-09-16,
4728000,VCV004728000,NM_001148.6(ANK2):c.9624C>G (p.Ala3208=),(p.Ala3208=),3208,NM_001148.6,missense,Long QT syndrome,Likely benign (1),"criteria provided, single submitter",RCV006514666.1,"Sep 28, 2025",ClinVar,2026-09-16,
4727712,VCV004727712,NM_001148.6(ANK2):c.7185T>A (p.Thr2395=),(p.Thr2395=),2395,NM_001148.6,missense,Long QT syndrome,Likely benign (1),"criteria provided, single submitter",RCV006514378.1,"Sep 23, 2025",ClinVar,2026-09-16,
4726228,VCV004726228,NM_001148.6(ANK2):c.2319C>T (p.His773=),(p.His773=),773,NM_001148.6,missense,Long QT syndrome,Likely benign (1),"criteria provided, single submitter",RCV006523966.1,"Aug 29, 2025",ClinVar,2026-09-16,
4726092,VCV004726092,NM_001148.6(ANK2):c.6727A>G (p.Ser2243Gly),(p.Ser2243Gly),2243,NM_001148.6,missense,Long QT syndrome,Uncertain significance (1),"criteria provided, single submitter",RCV006523830.1,"Aug 26, 2025",ClinVar,2026-09-16,
4725623,VCV004725623,NM_001148.6(ANK2):c.1881+5G>A,,,NM_001148.6,splice,Long QT syndrome,Uncertain significance (1),"criteria provided, single submitter",RCV006513777.1,"Mar 2, 2025",ClinVar,2026-09-16,
4725509,VCV004725509,NM_001148.6(ANK2):c.11353C>A (p.Gln3785Lys),(p.Gln3785Lys),3785,NM_001148.6,missense,Long QT syndrome,Uncertain significance (1),"criteria provided, single submitter",RCV006519119.1,"Aug 16, 2025",ClinVar,2026-09-16,
4725226,VCV004725226,NM_001148.6(ANK2):c.10573G>T (p.Glu3525Ter),(p.Glu3525Ter),3525,NM_001148.6,missense,Long QT syndrome,Pathogenic (1),"criteria provided, single submitter",RCV006518836.1,"Aug 11, 2025",ClinVar,2026-09-16,
4725204,VCV004725204,NM_001148.6(ANK2):c.3136C>G (p.Leu1046Val),(p.Leu1046Val),1046,NM_001148.6,missense,Long QT syndrome,Uncertain significance (1),"criteria provided, single submitter",RCV006518814.1,"Aug 11, 2025",ClinVar,2026-09-16,
4724955,VCV004724955,NM_001148.6(ANK2):c.10099T>C (p.Ser3367Pro),(p.Ser3367Pro),3367,NM_001148.6,missense,Long QT syndrome,Uncertain significance (1),"criteria provided, single submitter",RCV006528645.1,"Aug 11, 2025",ClinVar,2026-09-16,
4724433,VCV004724433,NM_001148.6(ANK2):c.6075T>G (p.Gly2025=),(p.Gly2025=),2025,NM_001148.6,missense,Long QT syndrome,Likely benign (1),"criteria provided, single submitter",RCV006523660.1,"Sep 19, 2025",ClinVar,2026-09-16,
4724404,VCV004724404,NM_001148.6(ANK2):c.7852GAA[1] (p.Glu2619del),(p.Glu2619del),2619,NM_001148.6,deletion,Long QT syndrome,Uncertain significance (1),"criteria provided, single submitter",RCV006523631.1,"Jul 30, 2025",ClinVar,2026-09-16,
4724071,VCV004724071,NM_001148.6(ANK2):c.5788C>A (p.Pro1930Thr),(p.Pro1930Thr),1930,NM_001148.6,missense,Long QT syndrome,Uncertain significance (1),"criteria provided, single submitter",RCV006523298.1,"Jul 27, 2025",ClinVar,2026-09-16,
4724050,VCV004724050,NM_001148.6(ANK2):c.10273G>C (p.Glu3425Gln),(p.Glu3425Gln),3425,NM_001148.6,missense,Long QT syndrome,Uncertain significance (1),"criteria provided, single submitter",RCV006523277.1,"Aug 3, 2025",ClinVar,2026-09-16,
4724038,VCV004724038,NM_001148.6(ANK2):c.2392T>C (p.Leu798=),(p.Leu798=),798,NM_001148.6,missense,Long QT syndrome,Likely benign (1),"criteria provided, single submitter",RCV006523265.1,"Aug 1, 2025",ClinVar,2026-09-16,
4723860,VCV004723860,NM_001148.6(ANK2):c.4993A>C (p.Lys1665Gln),(p.Lys1665Gln),1665,NM_001148.6,missense,Long QT syndrome,Uncertain significance (1),"criteria provided, single submitter",RCV006513503.1,"Jul 27, 2025",ClinVar,2026-09-16,
4723067,VCV004723067,NM_001148.6(ANK2):c.10150C>A (p.Pro3384Thr),(p.Pro3384Thr),3384,NM_001148.6,missense,Long QT syndrome,Uncertain significance (1),"criteria provided, single submitter",RCV006518166.1,"Jul 20, 2025",ClinVar,2026-09-16,
4721646,VCV004721646,NM_001148.6(ANK2):c.801C>T (p.Ile267=),(p.Ile267=),267,NM_001148.6,missense,Long QT syndrome,Likely benign (1),"criteria provided, single submitter",RCV006507977.1,"Jun 18, 2025",ClinVar,2026-09-16,
4721538,VCV004721538,NM_001148.6(ANK2):c.9226C>T (p.Gln3076Ter),(p.Gln3076Ter),3076,NM_001148.6,missense,Long QT syndrome,Pathogenic (1),"criteria provided, single submitter",RCV006507869.1,"Jun 16, 2025",ClinVar,2026-09-16,
4721309,VCV004721309,NM_001148.6(ANK2):c.8817T>C (p.Ser2939=),(p.Ser2939=),2939,NM_001148.6,missense,Long QT syndrome,Likely benign (1),"criteria provided, single submitter",RCV006503016.1,"Jun 18, 2025",ClinVar,2026-09-16,
4719749,VCV004719749,NM_001148.6(ANK2):c.8367C>T (p.Val2789=),(p.Val2789=),2789,NM_001148.6,missense,Long QT syndrome,Likely benign (1),"criteria provided, single submitter",RCV006507568.1,"May 18, 2025",ClinVar,2026-09-16,
4718972,VCV004718972,NM_001148.6(ANK2):c.1485+10G>C,,,NM_001148.6,splice,Long QT syndrome,Likely benign (1),"criteria provided, single submitter",RCV006502167.1,"May 5, 2025",ClinVar,2026-09-16,
4717963,VCV004717963,NM_001148.6(ANK2):c.9774T>A (p.Phe3258Leu),(p.Phe3258Leu),3258,NM_001148.6,missense,Long QT syndrome,Uncertain significance (1),"criteria provided, single submitter",RCV006511734.1,"May 6, 2025",ClinVar,2026-09-16,
4717908,VCV004717908,NM_001148.6(ANK2):c.6324C>A (p.Ser2108Arg),(p.Ser2108Arg),2108,NM_001148.6,missense,Long QT syndrome,Uncertain significance (1),"criteria provided, single submitter",RCV006507215.1,"Apr 19, 2025",ClinVar,2026-09-16,
4717536,VCV004717536,NM_001148.6(ANK2):c.135C>T (p.Asp45=),(p.Asp45=),45,NM_001148.6,missense,Long QT syndrome,Likely benign (1),"criteria provided, single submitter",RCV006506843.1,"Jan 29, 2025",ClinVar,2026-09-16,
4714463,VCV004714463,NM_001148.6(ANK2):c.7583T>A (p.Met2528Lys),(p.Met2528Lys),2528,NM_001148.6,missense,Long QT syndrome,Uncertain significance (1),"criteria provided, single submitter",RCV006495675.1,"Mar 5, 2025",ClinVar,2026-09-16,
4714024,VCV004714024,NM_001148.6(ANK2):c.3592-8T>G,,,NM_001148.6,splice,Long QT syndrome,Likely benign (1),"criteria provided, single submitter",RCV006510772.1,"Feb 27, 2025",ClinVar,2026-09-16,
4713499,VCV004713499,NM_001148.6(ANK2):c.5475T>G (p.Pro1825=),(p.Pro1825=),1825,NM_001148.6,missense,Long QT syndrome,Likely benign (1),"criteria provided, single submitter",RCV006505783.1,"Jan 19, 2026",ClinVar,2026-09-16,
4713493,VCV004713493,NM_001148.6(ANK2):c.3893+14G>A,,,NM_001148.6,splice,Long QT syndrome,Likely benign (1),"criteria provided, single submitter",RCV006505777.1,"Feb 19, 2025",ClinVar,2026-09-16,
4713009,VCV004713009,NM_001148.6(ANK2):c.932A>T (p.His311Leu),(p.His311Leu),311,NM_001148.6,missense,Long QT syndrome,Uncertain significance (1),"criteria provided, single submitter",RCV006500669.1,"Dec 1, 2025",ClinVar,2026-09-16,
4712949,VCV004712949,NM_001148.6(ANK2):c.11454C>A (p.Ser3818Arg),(p.Ser3818Arg),3818,NM_001148.6,missense,Long QT syndrome,Uncertain significance (1),"criteria provided, single submitter",RCV006495649.1,"Feb 12, 2025",ClinVar,2026-09-16,
4712317,VCV004712317,NM_001148.6(ANK2):c.6384A>G (p.Pro2128=),(p.Pro2128=),2128,NM_001148.6,missense,Long QT syndrome,Likely benign (1),"criteria provided, single submitter",RCV006510554.1,"Feb 4, 2025",ClinVar,2026-09-16,
4711707,VCV004711707,NM_001148.6(ANK2):c.8099A>G (p.Asp2700Gly),(p.Asp2700Gly),2700,NM_001148.6,missense,Long QT syndrome,Uncertain significance (1),"criteria provided, single submitter",RCV006505480.1,"Feb 20, 2025",ClinVar,2026-09-16,
4711439,VCV004711439,NM_001148.6(ANK2):c.5300A>T (p.Lys1767Met),(p.Lys1767Met),1767,NM_001148.6,missense,Long QT syndrome,Uncertain significance (1),"criteria provided, single submitter",RCV006500588.1,"Jun 15, 2025",ClinVar,2026-09-16,
4711381,VCV004711381,NM_001148.6(ANK2):c.9575A>G (p.Glu3192Gly),(p.Glu3192Gly),3192,NM_001148.6,missense,Long QT syndrome,Uncertain significance (1),"criteria provided, single submitter",RCV006500530.1,"Nov 8, 2025",ClinVar,2026-09-16,
4709078,VCV004709078,NM_001148.6(ANK2):c.2377-15_2377-4del,,,NM_001148.6,splice,Long QT syndrome,Likely benign (1),"criteria provided, single submitter",RCV006499718.1,"Mar 27, 2025",ClinVar,2026-09-16,
4708265,VCV004708265,NM_001148.6(ANK2):c.3271del (p.Glu1091fs),(p.Glu1091fs),1091,NM_001148.6,deletion,Long QT syndrome,Pathogenic (1),"criteria provided, single submitter",RCV006509482.1,"Jul 15, 2025",ClinVar,2026-09-16,
4707519,VCV004707519,NM_001148.6(ANK2):c.8388G>T (p.Pro2796=),(p.Pro2796=),2796,NM_001148.6,missense,Long QT syndrome,Likely benign (1),"criteria provided, single submitter",RCV006504272.1,"May 4, 2025",ClinVar,2026-09-16,
4707357,VCV004707357,NM_001148.6(ANK2):c.85-57716GCA[7],,,NM_001148.6,splice,Long QT syndrome,Likely benign (1),"criteria provided, single submitter",RCV006499486.1,"Oct 16, 2025",ClinVar,2026-09-16,
4707324,VCV004707324,NM_001148.6(ANK2):c.7516C>T (p.Arg2506Trp),(p.Arg2506Trp),2506,NM_001148.6,missense,Long QT syndrome,Uncertain significance (1),"criteria provided, single submitter",RCV006499454.1,"Nov 12, 2025",ClinVar,2026-09-16,
4707232,VCV004707232,NM_001148.6(ANK2):c.1683+19T>C,,,NM_001148.6,splice,Long QT syndrome,Benign (1),"criteria provided, single submitter",RCV006499362.1,"May 30, 2025",ClinVar,2026-09-16,
4707146,VCV004707146,NM_001148.6(ANK2):c.9336C>T (p.Thr3112=),(p.Thr3112=),3112,NM_001148.6,missense,Long QT syndrome,Likely benign (1),"criteria provided, single submitter",RCV006499276.1,"May 1, 2025",ClinVar,2026-09-16,
4706145,VCV004706145,NM_001148.6(ANK2):c.1881+7A>C,,,NM_001148.6,splice,Long QT syndrome,Likely benign (1),"criteria provided, single submitter",RCV006508851.1,"Mar 9, 2025",ClinVar,2026-09-16,
4705880,VCV004705880,NM_001148.6(ANK2):c.3125+10T>C,,,NM_001148.6,splice,Long QT syndrome,Likely benign (1),"criteria provided, single submitter",RCV006504123.1,"May 17, 2025",ClinVar,2026-09-16,
4705673,VCV004705673,NM_001148.6(ANK2):c.2179-14A>G,,,NM_001148.6,splice,Long QT syndrome,Likely benign (1),"criteria provided, single submitter",RCV006503916.1,"Sep 30, 2025",ClinVar,2026-09-16,
4704768,VCV004704768,NM_001148.6(ANK2):c.6276A>G (p.Ile2092Met),(p.Ile2092Met),2092,NM_001148.6,missense,Long QT syndrome,Uncertain significance (1),"criteria provided, single submitter",RCV006493427.1,"Dec 2, 2025",ClinVar,2026-09-16,
4704191,VCV004704191,NM_001148.6(ANK2):c.1119G>T (p.Ala373=),(p.Ala373=),373,NM_001148.6,missense,Long QT syndrome,Likely benign (1),"criteria provided, single submitter",RCV006508386.1,"Jun 11, 2025",ClinVar,2026-09-16,
4703618,VCV004703618,NM_001148.6(ANK2):c.8095A>G (p.Met2699Val),(p.Met2699Val),2699,NM_001148.6,missense,Long QT syndrome,Uncertain significance (1),"criteria provided, single submitter",RCV006503349.1,"Mar 5, 2025",ClinVar,2026-09-16,
4703299,VCV004703299,NM_001148.6(ANK2):c.7970G>A (p.Ser2657Asn),(p.Ser2657Asn),2657,NM_001148.6,missense,Long QT syndrome,Uncertain significance (1),"criteria provided, single submitter",RCV006498406.1,"Jan 18, 2026",ClinVar,2026-09-16,
4702320,VCV004702320,NM_001148.6(ANK2):c.7629T>C (p.Ser2543=),(p.Ser2543=),2543,NM_001148.6,missense,Long QT syndrome,Likely benign (1),"criteria provided, single submitter",RCV006483540.1,"Jan 12, 2026",ClinVar,2026-09-16,
4701439,VCV004701439,NM_001148.6(ANK2):c.4122+14AAT[6],,,NM_001148.6,splice,Long QT syndrome,Likely benign (1),"criteria provided, single submitter",RCV006478196.1,"May 3, 2025",ClinVar,2026-09-16,
4700467,VCV004700467,NM_001148.6(ANK2):c.8339T>C (p.Met2780Thr),(p.Met2780Thr),2780,NM_001148.6,missense,Long QT syndrome,Uncertain significance (1),"criteria provided, single submitter",RCV006487641.1,"May 5, 2025",ClinVar,2026-09-16,
4700240,VCV004700240,NM_001148.6(ANK2):c.6812C>G (p.Thr2271Arg),(p.Thr2271Arg),2271,NM_001148.6,missense,Long QT syndrome,Uncertain significance (1),"criteria provided, single submitter",RCV006482951.1,"Apr 9, 2025",ClinVar,2026-09-16,
4699733,VCV004699733,NM_001148.6(ANK2):c.10450G>A (p.Glu3484Lys),(p.Glu3484Lys),3484,NM_001148.6,missense,Long QT syndrome,Uncertain significance (1),"criteria provided, single submitter",RCV006477980.1,"Apr 24, 2025",ClinVar,2026-09-16,
4698359,VCV004698359,NM_001148.6(ANK2):c.10756+12G>A,,,NM_001148.6,splice,Long QT syndrome,Likely benign (1),"criteria provided, single submitter",RCV006482558.1,"Aug 3, 2025",ClinVar,2026-09-16,
4698188,VCV004698188,NM_001148.6(ANK2):c.9288T>C (p.Ser3096=),(p.Ser3096=),3096,NM_001148.6,missense,Long QT syndrome,Likely benign (1),"criteria provided, single submitter",RCV006482387.1,"Oct 14, 2025",ClinVar,2026-09-16,
4693934,VCV004693934,NM_001148.6(ANK2):c.7951G>A (p.Val2651Met),(p.Val2651Met),2651,NM_001148.6,missense,Long QT syndrome,Uncertain significance (1),"criteria provided, single submitter",RCV006476645.1,"Sep 1, 2025",ClinVar,2026-09-16,
4693456,VCV004693456,NM_001148.6(ANK2):c.5607G>T (p.Ala1869=),(p.Ala1869=),1869,NM_001148.6,missense,Long QT syndrome,Likely benign (1),"criteria provided, single submitter",RCV006491048.1,"Feb 13, 2025",ClinVar,2026-09-16,
4693274,VCV004693274,NM_001148.6(ANK2):c.11171T>C (p.Phe3724Ser),(p.Phe3724Ser),3724,NM_001148.6,missense,Long QT syndrome,Uncertain significance (1),"criteria provided, single submitter",RCV006490866.1,"Dec 20, 2025",ClinVar,2026-09-16,
4692189,VCV004692189,NM_001148.6(ANK2):c.2179-17T>C,,,NM_001148.6,splice,Long QT syndrome,Likely benign (1),"criteria provided, single submitter",RCV006480853.1,"Oct 14, 2025",ClinVar,2026-09-16,
4691822,VCV004691822,NM_001148.6(ANK2):c.11033-16A>G,,,NM_001148.6,splice,Long QT syndrome,Likely benign (1),"criteria provided, single submitter",RCV006476023.1,"Jun 3, 2025",ClinVar,2026-09-16,
4613597,VCV004613597,NM_001148.6(ANK2):c.8683T>G (p.Ser2895Ala),(p.Ser2895Ala),2895,NM_001148.6,missense,Cardiovascular phenotype,Uncertain significance (1),"criteria provided, single submitter",RCV006356068.1,"Nov 5, 2025",ClinVar,2026-09-16,
4613590,VCV004613590,NM_001148.6(ANK2):c.10735C>G (p.His3579Asp),(p.His3579Asp),3579,NM_001148.6,missense,Cardiovascular phenotype,Uncertain significance (1),"criteria provided, single submitter",RCV006356061.1,"Nov 26, 2025",ClinVar,2026-09-16,
4613566,VCV004613566,NM_001148.6(ANK2):c.10158T>C (p.Asn3386=),(p.Asn3386=),3386,NM_001148.6,missense,Cardiovascular phenotype,Likely benign (1),"criteria provided, single submitter",RCV006356037.1,"Nov 15, 2025",ClinVar,2026-09-16,
4527627,VCV004527627,NM_001148.6(ANK2):c.2425G>A (p.Val809Met),(p.Val809Met),809,NM_001148.6,missense,not provided,Uncertain significance (1),"criteria provided, single submitter",RCV006252251.1,"Apr 24, 2025",ClinVar,2026-09-16,
4278327,VCV004278327,NM_001148.6(ANK2):c.11137T>G (p.Ser3713Ala),(p.Ser3713Ala),3713,NM_001148.6,missense,"Cardiac arrhythmia, ankyrin-B-related",Likely pathogenic (1),"criteria provided, single submitter",RCV005859910.1,"Sep 10, 2025",ClinVar,2026-09-16,
4277257,VCV004277257,NM_001148.6(ANK2):c.9863C>T (p.Pro3288Leu),(p.Pro3288Leu),3288,NM_001148.6,missense,"Cardiac arrhythmia, ankyrin-B-related",Uncertain significance (1),"criteria provided, single submitter",RCV005859399.1,"Sep 12, 2025",ClinVar,2026-09-16,
4097162,VCV004097162,NM_001148.6(ANK2):c.9752C>A (p.Ala3251Asp),(p.Ala3251Asp),3251,NM_001148.6,missense,Cardiovascular phenotype,Uncertain significance (1),"criteria provided, single submitter",RCV005667573.2,"Mar 21, 2026",ClinVar,2026-09-16,
4097146,VCV004097146,NM_001148.6(ANK2):c.9337C>T (p.Arg3113Ter),(p.Arg3113Ter),3113,NM_001148.6,missense,Cardiovascular phenotype,Pathogenic (1),"criteria provided, single submitter",RCV005667565.1,"Aug 27, 2025",ClinVar,2026-09-16,
4096456,VCV004096456,NM_001148.6(ANK2):c.7678C>A (p.Pro2560Thr),(p.Pro2560Thr),2560,NM_001148.6,missense,Cardiovascular phenotype,Uncertain significance (1),"criteria provided, single submitter",RCV005665206.1,"Jun 22, 2025",ClinVar,2026-09-16,
4051402,VCV004051402,NM_001148.6(ANK2):c.8968G>A (p.Gly2990Ser),(p.Gly2990Ser),2990,NM_001148.6,missense,Cardiovascular phenotype,Likely benign (1),"criteria provided, single submitter",RCV005599151.2,"Jun 24, 2025",ClinVar,2026-09-16,
4051213,VCV004051213,NM_001148.6(ANK2):c.3623A>T (p.Lys1208Met),(p.Lys1208Met),1208,NM_001148.6,missense,Cardiovascular phenotype,Uncertain significance (1),"criteria provided, single submitter",RCV005598973.1,"May 22, 2025",ClinVar,2026-09-16,
4050587,VCV004050587,NM_001148.6(ANK2):c.5877G>A (p.Lys1959=),(p.Lys1959=),1959,NM_001148.6,missense,Cardiovascular phenotype,Likely benign (1),"criteria provided, single submitter",RCV005596411.1,"Mar 23, 2025",ClinVar,2026-09-16,
3910423,VCV003910423,NM_001148.6(ANK2):c.507G>A (p.Val169=),(p.Val169=),169,NM_001148.6,missense,not specified,Likely benign (1),"criteria provided, single submitter",RCV005436868.1,"Feb 16, 2025",ClinVar,2026-09-16,
3897593,VCV003897593,NM_001148.6(ANK2):c.4892_4893del (p.Lys1631fs),(p.Lys1631fs),1631,NM_001148.6,deletion,"Cardiac arrhythmia, ankyrin-B-related",Likely pathogenic (1),"criteria provided, single submitter",RCV005411014.1,"Jan 11, 2024",ClinVar,2026-09-16,
3864019,VCV003864019,NM_001148.6(ANK2):c.10522A>G (p.Ser3508Gly),(p.Ser3508Gly),3508,NM_001148.6,missense,Cardiovascular phenotype,Uncertain significance (1),"criteria provided, single submitter",RCV005360620.1,"Jan 10, 2025",ClinVar,2026-09-16,
3774867,VCV003774867,NM_001148.6(ANK2):c.452A>C (p.Glu151Ala),(p.Glu151Ala),151,NM_001148.6,missense,not provided,Uncertain significance (1),"criteria provided, single submitter",RCV005251870.1,"Sep 26, 2024",ClinVar,2026-09-16,
3730291,VCV003730291,NM_001148.6(ANK2):c.1269A>G (p.Ser423=),(p.Ser423=),423,NM_001148.6,missense,Long QT syndrome,Likely benign (1),"criteria provided, single submitter",RCV005206602.2,"Jun 3, 2024",ClinVar,2026-09-16,
3730194,VCV003730194,NM_001148.6(ANK2):c.8815A>G (p.Ser2939Gly),(p.Ser2939Gly),2939,NM_001148.6,missense,Long QT syndrome,Uncertain significance (1),"criteria provided, single submitter",RCV005206505.2,"Sep 1, 2024",ClinVar,2026-09-16,
3730102,VCV003730102,NM_001148.6(ANK2):c.11537T>C (p.Leu3846Pro),(p.Leu3846Pro),3846,NM_001148.6,missense,Long QT syndrome,Uncertain significance (1),"criteria provided, single submitter",RCV005206413.2,"Oct 6, 2024",ClinVar,2026-09-16,
3730040,VCV003730040,NM_001148.6(ANK2):c.11131A>T (p.Ile3711Phe),(p.Ile3711Phe),3711,NM_001148.6,missense,Long QT syndrome,Uncertain significance (1),"criteria provided, single submitter",RCV005208090.2,"Nov 4, 2024",ClinVar,2026-09-16,
3729667,VCV003729667,NM_001148.6(ANK2):c.9240del (p.Asp3081fs),(p.Asp3081fs),3081,NM_001148.6,deletion,Long QT syndrome,Pathogenic (1),"criteria provided, single submitter",RCV005207717.2,"Apr 8, 2025",ClinVar,2026-09-16,
3729384,VCV003729384,NM_001148.6(ANK2):c.9814G>T (p.Asp3272Tyr),(p.Asp3272Tyr),3272,NM_001148.6,missense,Long QT syndrome,Uncertain significance (1),"criteria provided, single submitter",RCV005207183.2,"Jan 22, 2025",ClinVar,2026-09-16,
3728915,VCV003728915,NM_001148.6(ANK2):c.10081C>T (p.Leu3361Phe),(p.Leu3361Phe),3361,NM_001148.6,missense,Long QT syndrome,Uncertain significance (1),"criteria provided, single submitter",RCV005205226.2,"Jan 13, 2025",ClinVar,2026-09-16,
3727074,VCV003727074,NM_001148.6(ANK2):c.10059C>G (p.Pro3353=),(p.Pro3353=),3353,NM_001148.6,missense,Long QT syndrome,Likely benign (1),"criteria provided, single submitter",RCV005204456.2,"Dec 12, 2024",ClinVar,2026-09-16,
3726609,VCV003726609,NM_001148.6(ANK2):c.10957A>T (p.Thr3653Ser),(p.Thr3653Ser),3653,NM_001148.6,missense,Long QT syndrome,Uncertain significance (1),"criteria provided, single submitter",RCV005202007.2,"Dec 4, 2024",ClinVar,2026-09-16,
3726247,VCV003726247,NM_001148.6(ANK2):c.5221C>T (p.Pro1741Ser),(p.Pro1741Ser),1741,NM_001148.6,missense,Long QT syndrome,Uncertain significance (1),"criteria provided, single submitter",RCV005199583.2,"Jan 21, 2025",ClinVar,2026-09-16,
3723509,VCV003723509,NM_001148.6(ANK2):c.11720A>G (p.Tyr3907Cys),(p.Tyr3907Cys),3907,NM_001148.6,missense,Long QT syndrome,Uncertain significance (1),"criteria provided, single submitter",RCV005203868.2,"Oct 22, 2024",ClinVar,2026-09-16,
3722936,VCV003722936,NM_001148.6(ANK2):c.10143C>G (p.Ser3381Arg),(p.Ser3381Arg),3381,NM_001148.6,missense,Long QT syndrome,Uncertain significance (1),"criteria provided, single submitter",RCV005201312.2,"Oct 15, 2024",ClinVar,2026-09-16,
3721452,VCV003721452,NM_001148.6(ANK2):c.694A>T (p.Ser232Cys),(p.Ser232Cys),232,NM_001148.6,missense,Long QT syndrome,Uncertain significance (1),"criteria provided, single submitter",RCV005203301.2,"Jan 7, 2025",ClinVar,2026-09-16,
3721367,VCV003721367,NM_001148.6(ANK2):c.1485+1G>A,,,NM_001148.6,splice,Long QT syndrome,Likely pathogenic (1),"criteria provided, single submitter",RCV005203216.2,"Feb 3, 2025",ClinVar,2026-09-16,
3720040,VCV003720040,NM_001148.6(ANK2):c.10518A>G (p.Glu3506=),(p.Glu3506=),3506,NM_001148.6,missense,Long QT syndrome,Likely benign (1),"criteria provided, single submitter",RCV005195367.2,"Sep 14, 2024",ClinVar,2026-09-16,
3719583,VCV003719583,NM_001148.6(ANK2):c.2718G>T (p.Arg906Ser),(p.Arg906Ser),906,NM_001148.6,missense,Long QT syndrome,Uncertain significance (1),"criteria provided, single submitter",RCV005194909.2,"Mar 24, 2024",ClinVar,2026-09-16,
3718965,VCV003718965,NM_001148.6(ANK2):c.2377-8C>G,,,NM_001148.6,splice,Long QT syndrome,Likely benign (1),"criteria provided, single submitter",RCV005200323.2,"Jul 27, 2024",ClinVar,2026-09-16,
